,link,title,bias rating,factual reporting,country,press freedom rating,media type,traffic/popularity,mbfc credibility rating
0,https://freeworldnews.tv/,2020ElectionCenter.com,right conspiracy- pseudoscience,very low,usa,mostly free,website,medium traffic,low credibility
1,https://21stcenturywire.com/,21st Century Wire,right,mixed,usa,mostly free,website,medium traffic,low credibility
2,https://79days.news/,79Days.News,right conspiracy-pseudoscience,very low,usa,mostly free,website,high traffic,low credibility
3,https://369news.net/,369News,not rated,mixed,unknown,,website,minimal traffic,low credibility
4,https://911truth.org/,911Truth.org,right,low,usa,mostly free,website,minimal traffic,low credibility
5,http://www.abovetopsecret.com/,Above Top Secret,right,low,usa,mostly free,website,medium traffic,low credibility
6,https://www.acallforanuprising.com/,A Call for an Uprising,right-conspiracy,low,usa,mostly free,website,medium traffic,low credibility
7,https://latitudes.org/,ACN Latitudes,conspiracy-pseudoscience,mixed,usa,mostly free,organization/foundation,minimal traffic,low credibility
8,https://www.activistpost.com/,Activist Post,left,low,unknown,,website,medium traffic,low credibility
9,https://www.additudemag.com/,ADDitude Magazine,pseudoscience,mixed,usa,mostly free,magazine,medium traffic,low credibility
10,https://www.ageofautism.com,Age of Autism,right pseudoscience,low,usa,mostly free,organization/foundation,minimal traffic,low credibility
11,https://allianceforadvancedhealth.com,Alliance for Advanced Health,conspiracy-pseudoscience,mixed,usa,mostly free,website,minimal traffic,low credibility
12,https://anh-usa.org,Alliance for Natural Health (ANH-USA),conspiracy-pseudoscience,mixed,usa,mostly free,organization/foundation,minimal traffic,low credibility
13,https://altermedzentrum.com/,Altermed Zentrum,conspiracy- pseudoscience,very low,unknown,,website,minimal traffic,low credibility
14,https://www.thealternativedaily.com/,Alternative Daily,pseudoscience,low,usa,,website,medium traffic,low credibility
15,https://www.amtvmedia.com/,Alternative Media Television (AMTV),right,low,usa,mostly free,website,minimal traffic,low credibility
16,https://alternativenews.com/,AlternativeNews.com,right conspiracy-pseudoscience,low,usa,mostly free,website,minimal traffic,low credibility
17,https://althealthworks.com/,AltHealth Works,conspiracy-pseudoscience,low,usa,mostly free,website,minimal traffic,low credibility
18,https://altleft.news/,AltLeft.news,right-conspiracy-pseudoscience,very low,usa,,website,minimal traffic,low credibility
19,https://americandigitalnews.com,American Digital News,conspiracy-pseudoscience,mixed,usa,mostly free,website,minimal traffic,low credibility
20,https://americanfreepress.net/,American Free Press,right conspiracy-pseudoscience,low,usa,mostly free,website,minimal traffic,low credibility
21,https://aim4truth.org,American Intelligence Media,extreme right,very low,usa,mostly free,website station,minimal traffic,low credibility
22,https://amg-news.com/,American Media Group – AMG-News,right-conspiracy-pseudoscience,very low,romania,mostly free,website,medium traffic,low credibility
23,https://americanpolicy.org/,American Policy Center,right conspiracy,low,usa,mostly free,organization/foundation,minimal traffic,low credibility
24,https://www.americasfrontlinedoctors.com/,America’s Frontline Doctors,pseudoscience right biased,low,usa,,website,medium traffic,low credibility
25,https://www.ancient-code.com,Ancient Code,conspiracy-pseudoscience,mixed,unknown,,website,minimal traffic,low credibility
26,https://www.ancient-origins.net,Ancient Origins,conspiracy-pseudoscience,mixed,ireland,excellent,website,medium traffic,low credibility
27,https://anewspost.com/,Anewspost.com,conspiracy,mixed,usa,mostly free,website,minimal traffic,low credibility
28,https://answersingenesis.org/,Answers in Genesis,right-pseudoscience,low,usa,mostly free,organization/foundation,medium traffic,low credibility
29,https://anyavien.com/,Anya Vien,pseudoscience,very low,usa,mostly free,website,minimal traffic,low credibility
30,https://www.apost.com/,Apost.com,pseudoscience,mixed,germany (13/180 press freedom),,website,medium traffic,low credibility
31,https://www.ae911truth.org,Architects & Engineers for 9/11 Truth,conspiracy,mixed,usa,mostly free,organization/foundation,minimal traffic,low credibility
32,https://www.asia-pacificresearch.com/,Asia-Pacific Research,conspiracy-pseudoscience,mixed,canada,,website,minimal traffic,low credibility
33,http://askingangels.com/,AskingAngels.com,right,very low,australia,mostly free,website,minimal traffic,low credibility
34,http://assassinationscience.com/,Assassination Science,conspiracy,low,usa (44/180 press freedom),,website,minimal traffic,low credibility
35,https://australiannationalreview.com/,Australian National Review,right conspiracy,low,australia,mostly free,website,minimal traffic,low credibility
36,https://www.autismspeaks.org/,Autism Speaks,conspiracy-pseudoscience,mostly factual,usa,mostly free,organization/foundation,medium traffic,low credibility
37,http://awarenessact.com/,Awareness Act,conspiracy-pseudoscience,low,usa,mostly free,website,medium traffic,low credibility
38,https://banned.video/,Banned.Video,right conspiracy- pseudoscience,very low,usa,,website,medium traffic,low credibility
39,https://beholdisrael.org/,Behold Israel,right conspiracy-pseudoscience,mixed,israel,moderate freedom,website,minimal traffic,low credibility
40,https://bestnewshere.com/,Best News Here,right conspiracy-pseudoscience,very low,macedonia,moderate freedom,website,medium traffic,low credibility
41,https://biggovernment.news/index.html,Big Government News,right conspiracy-pseudoscience,very low,usa,mostly free,website,minimal traffic,low credibility
42,https://biodefense.com/,BioDefense,right conspiracy-pseudoscience,very low,usa,,website,minimal traffic,low credibility
43,https://biologos.org/,Biologos Foundation,pseudoscience,mixed,usa,mostly free,organization/foundation,medium traffic,low credibility
44,http://www.biotechexpressmag.com/,Biotech Express Magazine,right conspiracy – pseudoscience,low,india,minimal freedom,magazine,minimal traffic,low credibility
45,https://www.blacklistednews.com/,Blacklisted News,conspiracy-pseudoscience,mixed,usa,mostly free,website,medium traffic,low credibility
46,https://www.blckbx.tv/,Blckbx.tv,right conspiracy-pseudoscience,very low,netherlands,,website,medium traffic,low credibility
47,https://bonsens.info/,BonSens,right conspiracy-pseudoscience,low,france,mostly free,organization/foundation,medium traffic,low credibility
48,https://brandnewtube.com/,Brand New Tube,right conspiracy-pseudoscience,very low,united kingdom,mostly free,website/video service,high traffic,low credibility
49,https://www.brighteon.com/,Brighteon,far right conspiracy-pseusdoscience,very-low,usa,mostly free,website,high traffic,low credibility
50,https://brightside.me/,BrightSide,pseudoscience,mixed,cyprus,mostly free,website,high traffic,low credibility
51,https://bugout.news/#,Bugout.news,right conspiracy-pseudoscience,very low,usa,,website,minimal traffic,low credibility
52,https://campusinsanity.com/,CampusInsanity.com,right conspiracy-pseudoscience,very low,usa,,website,minimal traffic,low credibility
53,https://cancer.news/,Cancer.news,right conspiracy-pseudoscience,very low,usa,,website,minimal traffic,low credibility
54,https://www.catholic.org/,Catholic Online,right conspiracy-pseudoscience,mixed,usa,mostly free,website,medium traffic,low credibility
55,https://www.charismanews.com/,Charisma News,right conspiracy-pseudoscience,mixed,usa,mostly free,website,medium traffic,low credibility
56,https://childrenshealthdefense.org/,Children’s Health Defense,right conspiracy-pseudoscience,low,usa,,organization/foundation,medium traffic,low credibility
57,https://chlorellafactor.com/,ChlorellaFactor.com,right conspiracy-pseudoscience,very low,usa,,website,minimal traffic,low credibility
58,https://carm.org,Christian Apologetics & Research Ministry (CARM),right conspiracy-pseudoscience,low,usa,mostly free,organization/foundation,medium traffic,low credibility
59,http://www1.cbn.com,Christian Broadcasting Network (CBN),right,mixed,usa,,tv station,high traffic,low credibility
60,https://creation.com,Creation Ministries International,right-pseudoscience,low,australia,mostly free,organization/foundation,medium traffic,low credibility
61,https://www.christianscience.com/,Christian Science,right-pseudoscience,low,usa,,organization/foundation,medium traffic,low credibility
62,https://www.legitgov.org/,Citizens for Legitimate Government (CLG News),right conspiracy-pseudoscience,mixed,usa,mostly free,organization/foundation,minimal traffic,low credibility
63,https://climatechangedispatch.com,Climate Change Dispatch,conspiracy-pseudoscience,low,usa,,website,minimal traffic,low credibility
64,https://www.climatedepot.com/,Climate Depot,right conspiracy-pseudoscience,mixed,usa,mostly free,organization/foundation,minimal traffic,low credibility
65,https://judithcurry.com/,Climate Etc – Judith Curry,pseudoscience,mixed,usa,,website,minimal traffic,low credibility
66,https://climatism.blog,Climatism,,low,australia,,,,
67,https://climate.news/,Climate.News,right conspiracy-pseudoscience,very low,usa,,website,minimal traffic,low credibility
68,https://cnnsofake.news/,CNN So Fake News,right conspiracy-pseudoscience,very low,usa,mostly free,website,minimal traffic,low credibility
69,https://www.coasttocoastam.com/,Coast to Coast AM,conspiracy-pseudoscience,low,usa,mostly free,radio,medium traffic,low credibility
70,https://collapse.news/,Collapse.News,right conspiracy-pseudoscience,very low,usa,,website,minimal traffic,low credibility
71,https://www.collective-evolution.com/,Collective-Evolution,conspiracy and pseudoscience,low,canada,,website,medium traffic,low credibility
72,https://www.cfact.org,Committee For A Constructive Tomorrow (CFACT),right conspiracy-pseudoscience,low,usa,mostly free,organization/foundation,minimal traffic,low credibility
73,https://consciouslifenews.com/,Conscious Life News,left conspiracy-pseudoscience,mixed,usa,mostly free,website,minimal traffic,low credibility
74,https://conspiracydailyupdate.com,Conspiracy Daily Update,right conspiracy-pseudoscience,very low,usa,,website,minimal traffic,low credibility
75,https://consumerwellness.org/,Consumer Wellness Center,right conspiracy-pseudoscience,very low,usa,,website,minimal traffic,low credibility
76,https://cosmicintelligenceagency.com,Cosmic Intelligence Agency,conspiracy-pseudoscience,low,australia,,website,minimal traffic,low credibility
77,https://counterthink.com/,CounterThink.com,right conspiracy-pseudoscience,very low,usa,,website,minimal traffic,low credibility
78,https://geopolitics.co,Covert Geopolitics,left-center,mixed,usa (45/180 press freedom),,website,minimal traffic,low credibility
79,http://creationwiki.org/Main_Page,CreationWiki,right conspiracy-pseudoscience,low,usa,,website,minimal traffic,low credibility
80,http://csglobe.com/,CS Globe,,low,unknown,,,,
81,https://curiousmindmagazine.com/,Curious Mind Magazine,pseudoscience,low,usa (44/180 press freedom),,website,medium traffic,low credibility
82,https://www.dailygrail.com,Daily Grail,,mixed,australia,,,,
83,https://dailyhealthpost.com,DailyHealthPost,,low,canada,,,,
84,https://dailyoccupation.com/,Daily Occupation,,low,unknown,,,,
85,https://dailysceptic.org/,Daily Sceptic,right pseudoscience,very low,united kingdom,mostly free,website,medium traffic,low credibility
86,https://www.darkjournalist.com,Dark Journalist,,low,usa,,,,
87,https://www.davidicke.com/,David Icke,,very low,united kingdom,,,,
88,https://www.davidwolfe.com/,David Wolfe,,mixed,usa,,,,
89,http://www.disclose.tv/,Disclose TV,conspiracy-pseudoscience,low,germany (13/180 press freedom),,website,medium traffic,low credibility
90,https://www.discovery.org/,Discovery Institute,,low,usa,,,,
91,https://disobedientmedia.com/,Disobedient Media,,mixed,usa,,,,
92,https://www.doctoroz.com/,DoctorOz.com,,mixed,usa,,,,
93,https://doctors4covidethics.org/,Doctors for Covid Ethics,pseudoscience,very low,switzerland,excellent,organization/foundation,minimal traffic,low credibility
94,https://draxe.com/,Dr. Axe,,mixed,usa,,,,
95,https://www.drnorthrup.com/,DrNorthrup.com,pseudoscience,low,usa,mostly free,website,minimal traffic,low credibility
96,https://earthpulse.com/,Earthpulse Press,conspiracy-pseudoscience,low,usa (44/180 press freedom),,website,minimal traffic,low credibility
97,https://www.ecology.news/,Ecology News,,very low,usa,,,,
98,https://educateinspirechange.org/us/,Educate Inspire Change,,mixed,united kingdom,,,,
99,http://educate-yourself.org/,Educate Yourself,,very low,usa,,,,
100,https://electroverse.net/,Electroverse,conspiracy- pseudoscience,low,unknown,,website,medium traffic,low credibility
101,https://eluxemagazine.com,Eluxe Magazine,left conspiracy-pseudoscience,mixed,united kingdom (33/180 press freedom),,magazine,medium traffic,low credibility
102,https://endtimeheadlines.org/,End Time Headlines,,low,usa,,,,
103,https://www.ewg.org/,Environmental Working Group (EWG),left-pseudoscience,mixed,usa (44/180 press freedom),,organization/foundation,medium traffic,low credibility
104,https://escapeallthesethings.com/,Escape All These Things,right-conspiracy,low,usa (44/180 press freedom),,website,minimal traffic,low credibility
105,https://eugenics.news/,Eugenics.News,right-conspiracy-pseudoscience,very-low,usa,mostly free,website,minimal traffic,low credibility
106,https://www.europereloaded.com/,Europe Reloaded,far-right conspiracy-pseudoscience,low,usa,mostly free,website,minimal traffic,low credibility
107,http://www.godandscience.org,Evidence for God from Science,,low,usa,,,,
108,https://evolutionnews.org/,Evolution News and Science Today,,low,usa,,,,
109,https://fabiosa.com/,Fabiosa,pseudoscience,mixed,ukraine,limited freedom,website,medium traffic,low credibility
110,https://faithit.com/,FaithIt,right conspiracy-pseudoscience,mixed,usa,mostly free,website,minimal traffic,low credibility
111,http://www.faithpanda.com,Faith Panda,,mixed,kenya,,,,
112,https://www.ff911truthandunity.org/,Firefighters for 9/11 Truth and Unity,,mixed,usa,,,,
113,https://foodbabe.com/,Food Babe,pseudoscience,mixed,usa (45/180 press freedom),,website,minimal traffic,low credibility
114,https://www.foodmatters.com,Food Matters,conspiracy-pseudoscience,mixed,australia (25/180 press freedom),,website,medium traffic,low credibility
115,https://food.news/,Food.News,right conspiracy-pseudoscience,very low,usa,,website,minimal traffic,low credibility
116,https://foreverconscious.com,Forever Conscious,,low,unknown,,,,
117,https://thefreethoughtproject.com/,Free Thought Project,left-conspiracy/pseudoscience,low,usa (44/180 press freedom),,website,medium traffic,low credibility
118,https://www.freedomadvocates.org,Freedom Advocates: Agenda 21,,low,usa,,,,
119,https://freedomainradio.com/,Freedomain – Stephen Molyneux,alt-right conspiracy,low,canada (14/180 press freedom),,website,medium traffic,low credibility
120,https://freedom.news/,Freedom.News,right conspiracy-pseudoscience,very low,usa,,website,minimal traffic,low credibility
121,https://freeworldnews.tv/,Freeworldnews.TV,right conspiracy- pseudoscience,very low,usa,mostly free,website,medium traffic,low credibility
122,https://friendsofscience.org/,Friends of Science,,mixed,canada,,,,
123,https://fromthetrenchesworldreport.com/,From the Trenches World Report,,low,usa,,,,
124,covid19criticalcare.com,Front Line Covid-19 Critical Care Alliance (FLCCC),right pseudoscience,low,usa,mostly free,organization/foundation,medium traffic,low credibility
125,https://www.gaia.com/,Gaia,conspiracy-pseudoscience,low,usa,,website,high traffic,low credibility
126,https://gender.news/,Gender.news,right-conspiracy-pseudoscience,very low,usa,,website,minimal traffic,low credibility
127,https://geoengineering.news/,Geoengineering.News,right conspiracy-pseudoscience,very low,usa,,website,minimal traffic,low credibility
128,http://www.geoengineeringwatch.org/,GeoEngineering Watch,,low,usa,,,,
129,https://www.getholistichealth.com/,Get Holistic Health,,low,unknown,,,,
130,https://glitch.news/,Glitch.News,right conspiracy-pseudoscience,very low,usa,,website,minimal traffic,low credibility
131,https://www.globalhealingcenter.com,Global Healing Center,,mixed,usa,,,,
132,https://www.globalresearch.ca/,Global Research,conspiracy-pseudoscience,low,canada (16/180 press freedom),,website,medium traffic,low credibility
133,http://www.globalskywatch.com/,Global Skywatch,conspiracy-pseudoscience,low,usa (44/180 press freedom),,website,minimal traffic,low credibility
134,https://gmowatch.com,GMO Watch Bias,pseudoscience,mixed,usa,mostly free,website,minimal traffic,low credibility
135,https://gmwatch.org/,GMWatch,left conspiracy-pseudoscience,mixed,united kingdom (33/180 press freedom),,organization/foundation,minimal traffic,low credibility
136,https://www.godlikeproductions.com/,Godlike Productions,,low,unknown,,,,
137,https://goop.com/,Goop,pseudoscience,low,usa,mostly free,website,medium traffic,low credibility
138,https://www.gotquestions.org/,Got Questions (gotquestions.org),right-psuedoscience,low,usa (44/180 press freedom),,organization/foundation,high traffic,low credibility
139,https://govtslaves.com,Government Slaves,,low,usa,,,,
140,https://www.greenmedinfo.com/,GreenMedInfo,pseudoscience,low,usa,,website,medium traffic,low credibility
141,https://www.greenpeace.org/,Greenpeace,,mixed,netherlands,,,,
142,http://gulagbound.com/,Gulag Bound,,low,usa,,,,
143,http://www.haarp.net/,HAARP.net,,low,usa,,,,
144,https://healthandmoneynews.wordpress.com/,Health and Money News,,very low,usa,,,,
145,http://healingfoodreference.com/,Healing Food Reference,right conspiracy-pseudoscience,very low,usa,,website,minimal traffic,low credibility
146,https://healingoracle.ch/,Healing Oracle,,very low,unknown,,,,
147,https://healthimpactnews.com/,Health Impact News,right conspiracy-pseudoscience,very low,usa,,website,medium traffic,low credibility
148,https://health.news/,Health.News,right conspiracy-pseudoscience,very low,usa,,website,minimal traffic,low credibility
149,https://www.healthnutnews.com,Health Nut News,,very low,usa,,,,
150,https://healthrangerreport.com/,Health Ranger Report,right conspiracy-pseudoscience,very low,usa,,website,minimal traffic,low credibility
151,https://hsionline.com/,Health Sciences Institute,,low,usa,,,,
152,https://www.healthyandnaturalworld.com/,Healthy and Natural World,pseudoscience,mixed,usa,mostly free,website,medium traffic,low credibility
153,https://www.healthyfoodhouse.com/,Healthy Food House,,low,macedonia,,,,
154,https://www.healthy-holistic-living.com,Healthy Holistic Living,pseudoscience,low,usa (44/180 press freedom),,website,medium traffic,low credibility
155,https://www.savethemales.ca/,Henry Makow (savethemales.ca),extreme right conspiracy,low,canada (14/180 press freedom),,website,minimal traffic,low credibility
156,https://herb.co/,Herb,pseudoscience,mixed,canada,mostly free,website,medium traffic,low credibility
157,http://herbreference.com/,Herbreference.com,right conspiracy-pseudoscience,very low,usa,,website,minimal traffic,low credibility
158,https://www.higherperspectives.com/,Higher Perspective,,mixed,unknown,,,,
159,https://www.higherperspectives.com/,Homeopathy Journal,,mixed,unknown,,,,
160,https://homevaccineeducationnetwork.com/,Home Vaccine Education Network,pseudoscience,very low,usa,,website,minimal traffic,low credibility
161,https://humansarefree.com/,Humans Are Free,right conspiracy-pseudoscience,low,usa (44/180 press freedom),,website,medium traffic,low credibility
162,https://www.iceagenow.info,Ice Age Now,,low,usa,,,,
163,https://www.ihealthtube.com,iHealthtube,,low,usa,,,,
164,https://iheartintelligence.com/,I Heart Intelligence,conspiracy-pseudoscience,mixed,bulgaria,moderate freedom,website,medium traffic,low credibility
165,https://iheartintelligence.com/,I Heart Intelligence,conspiracy-pseudoscience,mixed,bulgaria,moderate freedom,website,medium traffic,low credibility
166,https://www.independentsciencenews.org,Independent Science News,pseudoscience,mixed,usa (44/180 press freedom),,website,minimal traffic,low credibility
167,https://www.infiniteunknown.net/,Infinite Unknown,,low,unknown,,,,
168,http://www.informationclearinghouse.info/,Information Clearing House,,mixed,usa,,,,
169,http://www.infowars.com/,Infowars-Alex Jones,extreme right,very low,usa,,tv station,high traffic,low credibility
170,https://ingredients.news/,Ingredients.News,right conspiracy-pseudoscience,very low,usa,,website,minimal traffic,low credibility
171,https://www.icr.org,Institute for Creation Research (ICR),,very low,usa,,,,
172,https://responsibletechnology.org/,Institute for Responsible Technology,,mixed,usa,,,,
173,https://www.intellihub.com/,Intellihub,,low,usa,,,,
174,https://www.climatescienceinternational.org,International Climate Science Coalition,,low,canada,,,,
175,https://www.investmentwatchblog.com/,Investment Watch Blog,,mixed,usa,,,,
176,https://iowaclimate.org,Iowa Climate Science Education,,low,usa,,,,
177,https://theirishsentinel.com/,Irish Sentinel,right conspiracy-pseudoscience,very low,ireland,excellent,website,minimal traffic,low credibility
178,https://www.israel365news.com/,Israel365 News,right conspiracy-pseudoscience,mixed,israel,moderate freedom,website,medium traffic,low credibility
179,http://www.israelislamandendtimes.com/,"Israel, Islam and End Times",right conspiracy-pseudoscience,low,australia (25/180 press freedom),,organization/foundation,minimal traffic,low credibility
180,https://www.jedanews.com/,Jeda News,conspiracy-pseudoscience,low,italy,moderate freedom,website,minimal traffic,low credibility
181,https://www.jesusdaily.com,Jesus Daily,,low,usa,,,,
182,http://www.jesus-is-savior.com/,Jesus is Savior,right conspiracy-pseudoscience,very low,usa (44/180 press freedom),,website,medium traffic,low credibility
183,https://joebiden.news/,JoeBiden.News,right conspiracy-pseudoscience,very low,usa,,website,minimal traffic,low credibility
184,https://junkscience.com,JunkScience.com,,low,usa,,,,
185,https://larouchepac.com/,LaRouche PAC,,low,usa,,,,
186,https://www.learntherisk.org,LearnTheRisk.org,,very low,usa,,,,
187,https://leftcult.com/,LeftCult,right conspiracy-pseudoscience,very low,usa,,website,minimal traffic,low credibility
188,https://lesmoutonsrebelles.com/,Les Moutons Rebelles (The Rebel Sheep),right-conspiracy-pseudoscience,very low,france,,website,minimal traffic,low credibility
189,https://liberty.news,Liberty.News,right conspiracy-pseudoscience,very low,usa,,website,minimal traffic,low credibility
190,https://www.libertyplanets.com/,Liberty Planet,right conspiracy-pseudoscience,very low,usa,mostly free,website,minimal traffic,low credibility
191,http://libertyvideos.org/,Liberty Videos,,low,usa,,,,
192,https://libtards.news/,Libtards.News,right conspiracy-pseudoscience,very low,usa,,website,minimal traffic,low credibility
193,https://lifespa.com/,LifeSpa,,low,usa,,,,
194,https://littlethings.com/,LittleThings,left – pseudoscience,mixed,usa,mostly free,website,medium traffic,low credibility
195,https://liveaction.org/,Live Action,right – conspiracy and pseudoscience,mixed,usa,,organization/foundation,medium traffic,low credibility
196,https://www.livestrong.com,LiveStrong.com,,mixed,usa,,,,
197,https://www.livingwhole.org/,Living Whole,,mixed,canada,,,,
198,https://mediafactwatch.com/,Media Fact Watch,far right conspiracy-pseusdoscience,very-low,usa (44/180 press freedom),,website,minimal traffic,low credibility
199,http://mediaroots.org,Media Roots,,mixed,usa,,,,
200,https://medicalcensorship.com/,Medical Censorship News,right conspiracy-pseudoscience,very low,usa,,website,minimal traffic,low credibility
201,https://www.medicaldaily.com/,Medical Daily,pseudoscience,mixed,usa (44/180 press freedom),,website,medium traffic,low credibility
202,https://medicalkidnap.com/,Medical Kidnap,right conspiracy-pseudoscience,very low,usa,mostly free,website,medium traffic,low credibility
203,https://www.medicalmedium.com/,Medical Medium,pseudoscience,low,usa,mostly free,website,medium traffic,low credibility
204,http://www.medicine.news/,Medicine News,,very low,usa,,,,
205,https://www.mercola.com/,Mercola,pseudoscience,low,usa,,website,high traffic,low credibility
206,https://www.mindbodygreen.com,MindBodyGreen,,mixed,usa,,,,
207,https://modernalternativemama.com/,Modern Alternative Mama,pseudoscience,mixed,usa,mostly free,website,minimal traffic,low credibility
208,https://nationalfile.com/,National File,far right,low,usa,mostly free,website,medium traffic,low credibility
209,https://nationalsecurity.news/,NationalSecurity.News,right conspiracy-pseudoscience,very low,usa,,website,minimal traffic,low credibility
210,https://www.nvic.org,National Vaccine Information Center (NVIC),pseudoscience,low,usa (45/180 press freedom),,organization/foundation,minimal traffic,low credibility
211,https://www.naturalawakeningsmag.com/,Natural Awakenings Magazine,,mixed,usa,,,,
212,https://naturalcures.com/,NaturalCures.com,,mixed,united kingdom,,,,
213,https://www.naturalhealth365.com/,Natural Health 365,pseudoscience,low,usa (44/180 press freedom),,website,medium traffic,low credibility
214,https://naturalmedicine.news/,NaturalMedicine.News,right conspiracy-pseudoscience,very low,usa,,website,minimal traffic,low credibility
215,https://www.naturalnews.com/,Natural News,far right conspiracy-pseusdoscience,very-low,usa (45/180 press freedom),,website,medium traffic,low credibility
216,https://naturalnewsblogs.com/,NaturalNewsBlogs,right conspiracy-pseudoscience,very low,usa,,website,minimal traffic,low credibility
217,https://naturalnewsradio.com/,Natural News Radio,right conspiracy-pseudoscience,very low,usa,,website,minimal traffic,low credibility
218,https://naturalpedia.com/,NaturalPedia.com,right conspiracy-pseudoscience,very low,usa,,website,minimal traffic,low credibility
219,https://naturalsociety.com,Natural Society,left conspiracy-pseudoscience,mixed,usa (44/180 press freedom),,website,minimal traffic,low credibility
220, http://naturallysavvy.com,Naturally Savvy,,mixed,usa,,,,
221,https://needtoknow.news,Need to Know,,low,usa,,,,
222,https://neonnettle.com/,Neon Nettle,right conspiracy-pseudoscience,low,united kingdom (35/180 press freedom),,website,medium traffic,low credibility
223,neuronation.com,Neuronation,,mixed,germany,,,,
224,http://newamericannews.com/,New American News,right pseudoscience,low,usa (45/180 press freedom),,website,minimal traffic,low credibility
225,https://newsinsideout.com/,NewsInsideOut.com,,low,usa,,,,
226,https://www.newstarget.com/,News Target,,low,usa,,,,
227,https://www.newsbud.com/,Newsbud,,mixed,usa,,,,
228,https://nomorefakenews.com/,NoMoreFakeNews.com,right conspiracy- pseudoscience,very low,usa,mostly free,website,minimal traffic,low credibility
229,https://notrickszone.com/,NoTricksZone,,low,germany,,,,
230,https://www.nowtheendbegins.com,Now the End Begins,,very low,usa,,,,
231,http://nutrientreference.com/,NutrientReference.com,right conspiracy-pseudoscience,very low,usa,,website,minimal traffic,low credibility
232,https://nutritionfacts.org/,NutritionFacts.org,pseudoscience,mixed,usa (44/180 press freedom),,website,medium traffic,low credibility
233,https://occupyyourself.org,Occupy Yourself,,mixed,usa,,,,
234,https://off-guardian.org,OffGuardian,conspiracy-pseudoscience,mixed,unknown,,website,medium traffic,low credibility
235,https://off-guardian.org,Online Updates,conspiracy-pseudoscience,mixed,unknown,,website,medium traffic,low credibility
236,https://www.organicconsumers.org/,Organic Consumers Association,conspiracy-pseudoscience,low,usa,mostly free,organization/foundation,minimal traffic,low credibility
237,https://www.organicfacts.net,Organic Facts,,mixed,india,,,,
238,https://www.organicfacts.net,Our Health Guides,,mixed,india,,,,
239,https://www.oye.news,Oye.news,,very low,united kingdom,,,,
240,https://www.pandemic.news/,Pandemic News,right conspiracy-pseudoscience,very low,usa,,website,minimal traffic,low credibility
241,https://patriots4truth.org/,Patriots For Truth,right conspiracy-pseudoscience,very low,usa,,website,minimal traffic,low credibility
242,https://www.peta.org/,PETA (People for the Ethical Treatment of Animals),,,,,,,
243,https://www.peta.org/,Page not found (404),,,,,,,
244,http://pollution.news/,Pollution.News,right conspiracy-pseudoscience,very low,usa,,website,minimal traffic,low credibility
245,https://prepareforchange.net,Prepare for Change,,low,unknown,,,,
246,https://pressfortruth.ca,Press for Truth,right conspiracy-pseudoscience,mixed,canada,mostly free,website,minimal traffic,low credibility
247,https://www.prevention.com/,Prevention Magazine,pseudoscience,mixed,usa,mostly free,magazine,high traffic,low credibility
248,https://principia-scientific.org/ or https://principia-scientific.com/,Principia Scientific International (PSI),right,low,united kingdom,mostly free,website,minimal traffic,low credibility
249,https://pdmj.org/,Primary Doctor Medical Journal,right pseudoscience,very low,usa,,website,minimal traffic,low credibility
250,http://www.prisonplanet.com/,Prison Planet,,very low,usa,,,,
251,https://www.prophecynewswatch.com/,Prophecy News Watch,,low,usa,,,,
252,http://www.prophecytoday.com/,Prophecy Today,,low,usa,,,,
253,https://qanon.pub/,QAnon.pub,extreme right,very low,usa (44/180 press freedom),,website,medium traffic,low credibility
254,https://www.randpaul.news/,RandPaul.News,right-conspiracy-pseudoscience,very low,usa,,website,minimal traffic,low credibility
255,https://www.rapturenewsnetwork.com/,Rapture News Network,,low,usa,,,,
256,https://realclimatescience.com/,Real Climate Science,right conspiracy-pseudoscience,low,usa,,website,minimal traffic,low credibility
257,http://www.realjewnews.com/,Real Jew News,conspiracy-pseudoscience,very low,usa (45/180 press freedom),,website,minimal traffic,low credibility
258,http://www.realnews24.com,Real News 24,left conspiracy-pseudoscience,low,germany (13/180 press freedom),,website,minimal traffic,low credibility
259,https://www.realfarmacy.com/,RealFarmacy,,low,unknown,,,,
260,https://redoubtnews.com/,Redoubt News,right-conspiracy,mixed,usa (45/180 press freedom),,website,minimal traffic,low credibility
261,https://www.redpillpodcasts.com/,RedPill Project,right conspiracy-pseudoscience,very low,usa,mostly free,website,minimal traffic,low credibility
262,https://www.rense.com/,Rense,far right,very low,usa (44/180 press freedom),,website,medium traffic,low credibility
263,https://returntonow.net/,Return to Now,,low,usa,,,,
264,http://revolutionradio.org,Revolution Radio,,low,usa,,,,
265,https://sanevax.org/,SaneVax,quackery pseudoscience,low,usa (44/180 press freedom),,website,minimal traffic,low credibility
266,https://www.santeplusmag.com/,Sante Plus Magazine,pseudoscience,low,morocco,limited freedom,website,medium traffic,low credibility
267,https://science.news/,Science.News,right conspiracy-pseudoscience,very low,usa,,website,minimal traffic,low credibility
268,https://sciencevibe.com,Science Vibe,,mixed,usa,,,,
269,https://www.sgtreport.com/,SGT Report,,low,unknown,,,,
270,http://www.sheepkillers.com/,Sheep Killers,,low,unknown,,,,
271,http://shoebat.com/,Shoebat,,low,usa,,,,
272,https://www.sott.net/,Signs of the Times (SOTT),,low,usa,,,,
273,https://skeptiko.com/,Skeptiko,,very low,usa,,,,
274,https://www.snopes.news/,Snopes.News,right-conspiracy-pseudoscience,very low,usa,mostly free,website,minimal traffic,low credibility
275,https://southfront.org/,South Front,right-conspiracy,low,russia,limited freedom,website,medium traffic,low credibility
276,https://space.news/,Space.News,far right,very low,usa (44/180 press freedom),,website,minimal traffic,low credibility
277,https://stillnessinthestorm.com/,Stillness in the Storm,,low,usa,,,,
278,https://www.stormfront.org/forum/blogs/recent-entries/,Stormfront,,very low,usa,,,,
279,https://www.supplementreference.com/,SupplementReference.com,right conspiracy-pseudoscience,very low,usa,,website,minimal traffic,low credibility
280,https://sustainablepulse.com/,Sustainable Pulse,,low,usa,,,,
281,https://swprs.org/,Swiss Policy Research,right – conspiracy,mixed,unknown,,website,medium traffic,low credibility
282,https://talknetwork.com/,Talknetwork.com,right conspiracy-pseudoscience,very low,usa,,website,minimal traffic,low credibility
283,https://www.technocracy.news/,Technocracy News,right conspiracy-pseudoscience,very-low,usa,,website,medium traffic,low credibility
284,https://theantimedia.com/,The Anti-Media,,mixed,usa,,,,
285,https://www.theautomaticearth.com/,The Automatic Earth,right-pseudoscience,low,usa (44/180 press freedom),,website,minimal traffic,low credibility
286,https://www.thecommonsenseshow.com/,The Common Sense Show,,very low,usa,,,,
287,https://www.corbettreport.com,The Corbett Report,right conspiracy-pseudoscience,low,japan (66/180 press freedom),,website,medium traffic,low credibility
288,https://expose-news.com/,The Daily Expose,conspiracy-pseudoscience,very low,united kingdom,mostly free,website,minimal traffic,low credibility
289,https://www.thedailysheeple.com/,The Daily Sheeple,,low,unknown,,,,
290,https://www.eutimes.net/,The European Union Times,,mixed,unknown,,,,
291,https://thefullertoninformer.com/,The Fullerton Informer,right conspiracy-pseudoscience,very low,usa (44/180 press freedom),,website,minimal traffic,low credibility
292,https://www.greanvillepost.com/,The Greanville Post,,mixed,usa,,,,
293,https://healthranger.com/,The Health Ranger,right conspiracy-pseudoscience,very low,usa,,website,minimal traffic,low credibility
294,https://www.thehealthyamerican.org/,The Healthy American,right conspiracy-pseudoscience,very low,usa,,website,minimal traffic,low credibility
295,http://theheartysoul.com/,The Hearty Soul,,mixed,canada,,,,
296,https://thehighwire.com/,The Highwire,conspiracy-pseudoscience,low,usa,,website,medium traffic,low credibility
297,https://www.thelibertybeacon.com/,The Liberty Beacon,far-right conspiracy-pseudoscience,low,usa (44/180 press freedom),,website,medium traffic,low credibility
298,https://themindunleashed.com/,The Mind Unleashed,conspiracy-pseudoscience,low,usa (44/180 press freedom),,website,minimal traffic,low credibility
299,https://www.newnationalist.net/,The New Nationalist,right conspiracy-pseudoscience,very low,usa,,website,minimal traffic,low credibility
300,https://thepulse.one/,The Pulse,conspiracy/pseudoscience,low,canada,,website,medium traffic,low credibility
301,https://thepuristonline.com/,The Purist Magazine,pseudoscience,low,usa,mostly free,magazine,minimal traffic,low credibility
302,https://therundownlive.com/,The Rundown Live,,low,usa,,,,
303,https://stream.org/,The Stream,right-conspiracy/pseudoscience,mixed,usa (44/180 press freedom),,organization/foundation,medium traffic,low credibility
304,https://www.thetrumpet.com/,The Trumpet,right,mixed,usa (45/180 press freedom),,magazine,medium traffic,low credibility
305,https://thetruthaboutcancer.com/,The Truth About Cancer,,low,usa,,,,
306,http://www.thetruthseeker.co.uk/,The Truth Seeker,,low,united kingdom,,,,
307,http://www.thetruthseeker.co.uk/,The Vaccine Reaction,,low,united kingdom,,,,
308,https://vermontindependent.net/,Vermont Independent,right,low,usa (44/180 press freedom),,website,minimal traffic,low credibility
309,https://www.wakingtimes.com,Waking Times,,low,usa,,,,
310,https://www.thinkinghumanity.com/,Thinking Humanity,pseudoscience,mixed,unknown,n/a,website,minimal traffic,low credibility
311,https://thoughtcatalog.com/,Thought Catalog,,mixed,usa,,,,
312,http://thoughtcrimeradio.net,Thought Crime Radio,right conspiracy-pseudoscience,very low,usa,mostly free,website,minimal traffic,low credibility
313,https://thriveglobal.com/,Thrive Global,left pseudoscience,mixed,usa,mostly free,website,medium traffic,low credibility
314,http://www.thrivemovement.com/,Thrive Movement,,low,usa,,,,
315,https://treason.news/,Treason.News,right conspiracy-pseudoscience,very low,usa,,website,minimal traffic,low credibility
316,https://trialsitenews.com/,TrialSite News,pseudoscience,mixed,usa,mostly free,website,medium traffic,low credibility
317,https://truepundit.com/,True Pundit,,low,usa,,,,
318,https://www.trunews.com/,TruNews,,low,usa,,,,
319,https://www.truth11.com/,Truth11.com,right conspiracy-pseudoscience,very low,unknown,,website,minimal traffic,low credibility
320,http://www.twisted.news/,Twisted.News,,very low,usa,,,,
321,https://www.ukcolumn.org,UK Column,right conspiracy,low,united kingdom (35/180 press freedom),,newspaper,medium traffic,low credibility
322,https://usahitman.com/,USA Hitman,,low,unknown,,,,
323,https://usawatchdog.com,USAWatchdog.com,right conspiracy-pseudoscience,low,usa,,website,medium traffic,low credibility
324,https://vaccineimpact.com/,Vaccine Impact,right conspiracy-pseudoscience,very low,usa,mostly free,website,medium traffic,low credibility
325,http://www.vaccines.news/,Vaccines News,,very low,usa,,,,
326,http://vaccinepapers.org/,Vaccine Papers,pseudoscience,low,unknown,,website,minimal traffic,low credibility
327,https://vrevealed.com/,Vaccines Revealed,conspiracy-pseudoscience,very low,usa (44/180 press freedom),,website,minimal traffic,low credibility
328,https://vaccinesafety.info/,Vaccine Safety Info,pseudoscience,very low,usa,mostly free,website,minimal traffic,low credibility
329,https://vactruth.com/,VacTruth.com,,low,unknown,,,,
330,https://vaxxter.com,Vaxxter,right conspiracy-pseudoscience,low,usa,mostly free,website,minimal traffic,low credibility
331,https://www.veteranstoday.com/,Veterans Today,,very low,usa,,,,
332,https://vigilantcitizen.com/,Vigilant Citizen,,low,usa,,,,
333,https://votefraud.news/,VoteFraud.News,right conspiracy-pseudoscience,very low,usa,,website,minimal traffic,low credibility
334,https://wattsupwiththat.com/,Watts Up with That,conspiracy-pseudoscience,low,usa,mostly free,website,medium traffic,low credibility
335,http://anonhq.com/,We Are Anonymous/AnonHQ,conspiracy-pseudoscience,very low,unknown,,website,medium traffic,low credibility
336,https://wearechange.org/,We Are Change,,mixed,usa,,,,
337,https://www.westonaprice.org/,Weston A. Price Foundation,,low,usa,,,,
338,https://www.whatreallyhappened.com/,What Really Happened,right conspiracy-pseudoscience,very low,usa (44/180 press freedom),,website,medium traffic,low credibility
339,http://www.whatdoesitmean.com/,WhatDoesItMean,,low,unknown,,,,
340,https://www.whitehouse.news/,WhiteHouse.News,right conspiracy-pseudoscience,very low,usa,,website,minimal traffic,low credibility
341,https://wikispooks.com/,Wikispooks,,mixed,unknown,,,,
342,https://www.winterwatch.net/,Winter Watch,right conspiracy-pseudoscience,very low,usa,,website,minimal traffic,low credibility
343,https://www.worldaffairsbrief.com,World Affairs Brief,,very low,usa,,,,
344,https://worldcouncilforhealth.org/,World Council for Health,right conspiracy-pseudoscience,very low,united kingdom,,organization/foundation,medium traffic,low credibility
345,https://worlddoctorsalliance.com/,World Doctors Alliance,right conspiracy-pseudoscience,very low,unknown,,organization/foundation,minimal traffic,low credibility
346,https://www.worldhealth.net/,WorldHealth.net,pseudoscience,low,usa,mostly free,organization/foundation,minimal traffic,low credibility
347,https://www.worldlifestyle.com/,World Lifestyle,conspiracy-pseudoscience,low,usa,,website,high traffic,low credibility
348,http://worldtruth.tv/,World Truth TV,,very low,usa,,,,
349,https://www.worldviewweekend.com/,Worldview Weekend,right conspiracy-pseudoscience,very low,usa,,website,minimal traffic,low credibility
350,https://x22report.com,X22 Report,far right,low,usa (44/180 press freedom),,website,medium traffic,low credibility
351,https://www.zerohedge.com/,ZeroHedge,right conspiracy/pseudoscience,low,bulgaria,limited freedom,website,high traffic,low credibility
